pair_id,w1,w2,LED
1,3114;3074;3105;3137,3114;3074;3105;3137;3095,1
2,3098;3120;3149;3118;3118;3137,3111;3120;3149;3118;3118;3137,1
3,3077;3112;3149;3112,3077;3093;3149;3093,2
4,3114;3137;3122;3135,3114;3138;3122;3137,2
5,3114;3134;3104;3074,3114;3134;3122;3112,2
6,3077;3093;3149;3093,3129;3093;3149;3093;3137,2
7,3108;3120;3149;3093;3074,3125;3120;3149;3127;3074,2
8,3093;3123;3149;3123;3137,3112;3136;3123;3149;3123;3137,2
9,3125;3134;3093;3149;3119;3074,3125;3144;3110;3149;3119;3074,2
10,3111;3120;3149;3118;3118;3137,3111;3144;3120;3149;3119;3118;3137,2
11,3117;3138;3095;3147;3123;3126;3134;3128;3149;3108;3149;3120;3118;3137,3094;3095;3147;3123;3126;3134;3128;3149;3108;3149;3120;3118;3137,2
12,3078;3125;3137,3114;3112;3135,3
13,3114;3112;3135,3114;3134;3122;3112,3
14,3114;3074;3105;3137,3120;3144;3108;3137,3
15,3114;3134;3104;3074,3114;3137;3122;3135,3
16,3114;3108;3149;3120;3074,3125;3120;3149;3127;3074,3
17,3093;3123;3149;3123;3137,3114;3114;3149;3114;3137,3
18,3078;3108;3149;3118,3128;3108;3149;3119;3118;3137,3
19,3112;3149;3119;3134;3119;3074,3128;3129;3134;3119;3074,3
20,3128;3108;3149;3119;3118;3137,3111;3120;3149;3118;3118;3137,3
21,3125;3134;3129;3112;3118;3137,3125;3135;3118;3134;3112;3118;3137,3
22,3112;3149;3119;3134;3119;3074,3125;3149;3119;3125;3128;3134;3119;3074,3
23,3125;3135;3126;3149;3125;3134;3128;3074,3125;3149;3119;3134;3128;3074,3
24,3078;3120;3147;3095;3149;3119;3118;3137,3078;3120;3147;3095;3149;3119;3128;3143;3125,3
25,3077;3118;3149;3118,3120;3098;3112,4
26,3114;3134;3104;3074,3117;3138;3118;3135,4
27,3077;3112;3149;3112,3118;3074;3110;3137,4
28,3114;3137;3122;3135,3087;3112;3137;3095;3137,4
29,3077;3118;3149;3118,3112;3134;3112;3149;3112,4
30,3093;3123;3149;3123;3137,3093;3146;3122;3108,4
31,3114;3137;3125;3149;3125;3137,3114;3074;3105;3137,4
32,3093;3123;3149;3123;3137,3114;3108;3149;3120;3074,4
33,3100;3149;3125;3120;3118;3137,3120;3147;3095;3118;3137,4
34,3125;3135;3110;3149;3119,3116;3137;3110;3149;3111;3135,4
35,3095;3137;3107;3118;3137,3125;3134;3129;3112;3118;3137,4
36,3093;3074;3105;3120;3118;3137,3125;3134;3129;3112;3118;3137,4
37,3112;3136;3123;3149;3123;3137,3114;3137;3125;3149;3125;3137,4
38,3112;3149;3119;3134;3119;3118;3137,3128;3108;3149;3119;3118;3137,4
39,3128;3138;3120;3149;3119;3137;3105;3137,3098;3074;3110;3149;3120;3137;3105;3137,4
40,3128;3118;3134;3100;3126;3134;3128;3149;3108;3149;3120;3118;3137,3077;3120;3149;3109;3126;3134;3128;3149;3108;3149;3120;3118;3137,4
41,3094;3095;3147;3123;3126;3134;3128;3149;3108;3149;3120;3118;3137,3117;3134;3127;3134;3126;3134;3128;3149;3108;3149;3120;3118;3137,4
42,3095;3107;3135;3108;3126;3134;3128;3149;3108;3149;3120;3118;3137,3117;3148;3108;3135;3093;3126;3134;3128;3149;3108;3149;3120;3118;3137,4
43,3114;3093;3149;3127;3135,3098;3143;3114,5
44,3078;3125;3137,3093;3137;3093;3149;3093,5
45,3078;3125;3137,3128;3129;3134;3119;3074,5
46,3078;3125;3137,3117;3110;3149;3120;3108,5
47,3087;3112;3137;3095;3137,3114;3134;3104;3074,5
48,3094;3118;3149;3118;3074,3095;3134;3122;3135,5
49,3114;3137;3122;3135,3126;3120;3136;3120;3074,5
50,3098;3142;3103;3149;3103;3137,3098;3143;3114,5
51,3114;3074;3105;3137;3095,3128;3118;3134;3100;3074,5
52,3078;3093;3134;3126;3074,3079;3105;3149;3122;3136,5
53,3093;3123;3149;3123;3137,3098;3142;3125;3137;3122;3137,5
54,3120;3093;3149;3108;3118;3137,3126;3149;3125;3134;3128,5
55,3114;3074;3105;3137;3095,3114;3142;3123;3149;3123;3135,5
56,3077;3125;3128;3120;3074,3112;3149;3119;3134;3119;3074,5
57,3098;3143;3108;3137;3122;3137,3093;3134;3123;3149;3123;3137,5
58,3112;3149;3119;3134;3119;3074,3128;3108;3149;3119;3118;3137,5
59,3093;3134;3123;3149;3123;3137,3117;3147;3100;3112;3118;3137,5
60,3128;3074;3095;3136;3108;3118;3137,3112;3139;3108;3149;3119;3118;3137,5
61,3095;3137;3074;3103;3138;3120;3137,3093;3120;3149;3112;3138;3122;3137,5
62,3125;3135;3100;3119;3125;3134;3105,3125;3149;3119;3125;3129;3134;3120;3074,5
63,3098;3074;3110;3149;3120;3137;3105;3137,3128;3074;3128;3149;3093;3120;3107;3122;3137,5
64,3129;3144;3110;3120;3134;3116;3134;3110;3149,3112;3135;3100;3134;3118;3134;3116;3134;3110;3149,5
65,3112;3149;3119;3134;3119;3128;3149;3109;3134;3112;3118;3137,3112;3149;3119;3134;3119;3118;3137,5
66,3128;3134;3074;3093;3143;3108;3135;3093;3108,3128;3134;3074;3093;3143;3108;3135;3093;3125;3135;3110;3149;3119,5
67,3120;3134;3100;3149;3119;3134;3074;3095;3118;3137,3120;3134;3100;3149;3119;3134;3111;3135;3093;3134;3120;3118;3137,5
68,3125;3135;3110;3149;3119;3134;3122;3119;3118;3137,3125;3135;3126;3149;3125;3125;3135;3110;3149;3119;3134;3122;3119;3118;3137,5
69,3120;3128;3134;3119;3112;3126;3134;3128;3149;3108;3149;3120;3118;3137,3100;3136;3125;3126;3134;3128;3149;3108;3149;3120;3118;3137,5
70,3125;3120;3149;3127;3118;3137,3095;3134;3122;3135,6
71,3128;3135;3074;3129;3118;3137,3114;3137;3122;3135,6
72,3112;3134;3103;3093;3118;3137,3093;3125;3135;3108,6
73,3114;3074;3105;3137,3125;3149;3119;3134;3111;3135,6
74,3112;3146;3114;3149;3114;3135,3120;3147;3095;3118;3137,6
75,3125;3120;3074;3095;3122;3149,3094;3118;3149;3118;3074,6
76,3120;3147;3095;3118;3137,3112;3146;3114;3149;3114;3135,6
77,3095;3149;3120;3134;3118;3074,3114;3074;3105;3137;3095,6
78,3093;3146;3074;3105;3122;3137,3125;3120;3149;3127;3074,6
79,3093;3137;3093;3149;3093,3112;3135;3120;3138;3114;3107,6
80,3114;3149;3120;3119;3134;3107;3074,3120;3144;3122;3137,6
81,3118;3112;3135;3127;3135,3125;3120;3074;3095;3122;3149,6
82,3093;3120;3137;3107,3095;3137;3120;3149;3120;3118;3137,6
83,3112;3135;3120;3149;3107;3119;3074,3120;3144;3122;3137,6
84,3093;3120;3137;3107,3095;3137;3074;3103;3138;3120;3137,6
85,3126;3134;3074;3108;3135,3128;3129;3112;3126;3136;3122;3108,6
86,3087;3112;3137;3095;3137,3095;3137;3120;3149;3120;3118;3137,6
87,3128;3138;3120;3149;3119;3137;3105;3137,3112;3136;3120;3137,6
88,3112;3135;3125;3143;3110;3135;3093,3114;3093;3149;3127;3135,6
89,3125;3134;3129;3112;3118;3137,3128;3118;3136;3093;3149;3127,6
90,3077;3112;3149;3112;3118;3137,3114;3134;3104;3126;3134;3122,6
91,3114;3093;3149;3127;3135,3114;3149;3120;3125;3120;3149;3108;3112,6
92,3112;3135;3120;3149;3107;3119;3074,3128;3108;3149;3119;3118;3137,6
93,3093;3146;3074;3105;3122;3137,3112;3149;3119;3134;3119;3118;3137,6
94,3098;3142;3103;3149;3103;3137,3108;3118;3149;3118;3137;3105;3137,6
95,3095;3137;3120;3149;3120;3118;3137,3114;3137;3122;3135;3129;3147;3120,6
96,3100;3149;3125;3120;3118;3137,3114;3149;3120;3110;3120;3149;3126;3112,6
97,3108;3118;3149;3118;3137;3105;3137,3098;3142;3122;3149;3122;3142;3122;3137,6
98,3128;3149;3112;3143;3129;3118;3137,3125;3135;3126;3149;3125;3134;3128;3118;3137,6
99,3114;3149;3120;3117;3137;3108;3149;3125;3118;3137,3114;3120;3135;3114;3134;3122;3112;3118;3137,6
100,3125;3144;3110;3149;3119;3137;3105;3137,3081;3114;3134;3111;3149;3119;3134;3119;3137;3105;3137,6
101,3098;3143;3114,3114;3149;3120;3118;3134;3107;3074,7
102,3128;3149;3112;3143;3129;3118;3137,3093;3120;3137;3107,7
103,3077;3093;3149;3093,3114;3137;3122;3135;3129;3147;3120,7
104,3095;3134;3122;3135,3125;3149;3119;3134;3119;3134;3118;3074,7
105,3112;3134;3112;3149;3112,3114;3149;3120;3128;3074;3095;3074,7
106,3112;3134;3103;3093;3118;3137,3125;3149;3119;3074;3100;3112;3074,7
107,3117;3147;3100;3112;3118;3137,3125;3074;3103;3135;3122;3149;3122;3137,7
108,3120;3134;3100;3111;3134;3112;3135,3128;3149;3112;3143;3129;3118;3137,7
109,3126;3134;3074;3108;3135,3128;3118;3134;3112;3108;3149;3125;3118;3137,7
110,3078;3120;3147;3095;3149;3119;3118;3137,3098;3142;3125;3137;3122;3137,7
111,3095;3137;3074;3103;3138;3120;3137,3114;3103;3118;3134;3114;3093;3074,7
112,3125;3144;3110;3149;3119;3137;3105;3137,3128;3074;3108;3147;3127;3118;3137,7
113,3098;3122;3112;3098;3135;3108;3149;3120;3118;3137,3112;3134;3103;3093;3118;3137,7
114,3112;3134;3107;3149;3119;3108,3112;3149;3119;3134;3119;3125;3135;3110;3149;3119,7
115,3125;3135;3110;3149;3119;3137;3108;3149;3108;3137,3119;3074;3108;3149;3120;3118;3137,7
116,3112;3149;3119;3134;3119;3118;3137,3125;3135;3110;3149;3119;3134;3120;3149;3109;3135,7
117,3093;3074;3114;3149;3119;3138;3103;3120;3137,3118;3135;3108;3149;3120;3137;3105;3137,7
118,3093;3074;3114;3149;3119;3138;3103;3120;3137,3079;3074;3103;3120;3149;3112;3142;3103;3149,7
119,3118;3134;3111;3149;3119;3118;3135;3093;3125;3135;3110;3149;3119,3081;3112;3149;3112;3108;3125;3135;3110;3149;3119,7
120,3114;3120;3149;3119;3134;3125;3120;3107;3126;3134;3128;3149;3108;3149;3120;3118;3137,3114;3120;3149;3119;3134;3125;3120;3107;3118;3137,7
121,3114;3120;3149;3119;3134;3125;3120;3107;3126;3134;3128;3149;3108;3149;3120;3118;3137,3117;3134;3127;3134;3126;3134;3128;3149;3108;3149;3120;3118;3137,7
122,3098;3143;3114,3114;3149;3120;3125;3120;3149;3108;3112,8
123,3114;3074;3105;3137,3125;3135;3126;3149;3125;3134;3128;3074,8
124,3118;3074;3110;3137,3126;3134;3128;3149;3108;3149;3120;3074,8
125,3078;3120;3074;3117;3074,3098;3142;3122;3149;3122;3142;3122;3137,8
126,3095;3107;3135;3108;3074,3128;3138;3120;3149;3119;3137;3105;3137,8
127,3120;3144;3122;3137,3129;3144;3110;3120;3134;3116;3134;3110;3149,8
128,3077;3093;3149;3093,3128;3118;3134;3112;3108;3149;3125;3118;3137,8
129,3093;3134;3119;3122;3137,3129;3144;3110;3120;3134;3116;3134;3110;3149,8
130,3078;3120;3147;3095;3149;3119;3118;3137,3125;3135;3125;3143;3093;3074,8
131,3112;3134;3103;3093;3118;3137,3116;3135;3120;3149;3119;3134;3112;3136,8
132,3114;3134;3122;3112,3114;3149;3120;3126;3074;3128;3112;3136;3119;3074,8
133,3112;3135;3120;3149;3118;3135;3074;3098;3105;3074,3117;3138;3118;3135,8
134,3078;3120;3147;3095;3149;3119;3128;3143;3125,3087;3112;3137;3095;3137,8
135,3114;3137;3122;3135;3129;3147;3120,3116;3135;3120;3149;3119;3134;3112;3136,8
136,3077;3112;3149;3112;3118;3137,3093;3074;3114;3149;3119;3138;3103;3120;3149,8
137,3093;3134;3119;3122;3137,3111;3120;3149;3118;3134;3098;3120;3107;3118;3137,8
138,3112;3135;3119;3118;3074,3112;3149;3119;3134;3119;3125;3135;3110;3149;3119,8
139,3114;3120;3149;3119;3134;3125;3120;3107;3074,3125;3120;3074;3095;3122;3149,8
140,3114;3110;3149;3111;3108;3135,3125;3135;3126;3149;3125;3134;3128;3118;3137,8
141,3125;3149;3119;3134;3111;3135,3129;3144;3110;3120;3134;3116;3134;3110;3149,8
142,3125;3144;3110;3149;3119;3137;3105;3137,3078;3128;3137;3114;3108;3149;3120;3135,8
143,3110;3149;3125;3143;3127;3074,3125;3135;3110;3149;3119;3134;3122;3119;3118;3137,8
144,3120;3143;3094;3134;3098;3135;3108;3149;3120;3074,3125;3144;3110;3149;3119;3074,8
145,3081;3108;3149;3114;3108;3149;3108;3135,3125;3135;3126;3149;3125;3134;3128;3074,8
146,3125;3135;3100;3119;3125;3134;3105,3125;3135;3126;3134;3094;3114;3103;3149;3112;3074,8
147,3125;3135;3110;3149;3119;3134;3120;3149;3109;3135,3125;3143;3110;3135;3093;3128;3117,8
148,3078;3122;3147;3098;3135;3074;3098;3105;3074,3128;3138;3120;3149;3119;3137;3105;3137,8
149,3114;3120;3135;3126;3147;3111;3112;3118;3137,3128;3138;3120;3149;3119;3137;3105;3137,8
150,3078;3120;3147;3095;3149;3119;3128;3143;3125,3114;3120;3135;3114;3134;3122;3112;3118;3137,8
151,3100;3136;3125;3126;3134;3128;3149;3108;3149;3120;3074,3125;3149;3119;3134;3114;3134;3120;3074,8
152,3100;3149;3125;3120;3118;3137,3128;3118;3134;3100;3126;3134;3128;3149;3108;3149;3120;3118;3137,8
153,3125;3135;3110;3149;3119;3134;3122;3119;3118;3137,3129;3144;3110;3120;3134;3116;3134;3110;3149,8
154,3095;3137;3120;3149;3120;3118;3137,3100;3136;3125;3126;3134;3128;3149;3108;3149;3120;3118;3137,8
155,3112;3149;3119;3134;3119;3128;3149;3109;3134;3112;3118;3137,3125;3135;3118;3134;3112;3118;3137,8
156,3125;3135;3110;3149;3119;3134;3120;3149;3109;3137;3122;3137,3081;3114;3134;3111;3149;3119;3134;3119;3137;3105;3137,8
157,3079;3074;3103;3120;3149;3112;3142;3103;3149,3110;3143;3126;3074,9
158,3077;3118;3149;3118,3128;3134;3074;3093;3143;3108;3135;3093;3108,9
159,3112;3144;3108;3135;3093;3108,3125;3135;3126;3149;3125;3134;3128;3118;3137,9
160,3077;3117;3135;3125;3139;3110;3149;3111;3135,3128;3149;3112;3143;3129;3074,9
161,3093;3137;3093;3149;3093,3098;3122;3112;3098;3135;3108;3149;3120;3118;3137,9
162,3114;3149;3120;3126;3074;3128;3112;3136;3119;3074,3125;3135;3110;3149;3119,9
163,3118;3129;3147;3112;3149;3112;3108;3118;3144;3112,3126;3134;3074;3108;3135,9
164,3078;3120;3147;3095;3149;3119;3128;3143;3125,3128;3074;3093;3143;3108;3074,9
165,3077;3093;3149;3093,3118;3129;3147;3108;3149;3093;3139;3127;3149;3103;3074,9
166,3079;3074;3103;3120;3149;3112;3142;3103;3149,3112;3135;3125;3143;3110;3135;3093,9
167,3125;3139;3108;3149;3108;3135;3125;3135;3110;3149;3119,3128;3118;3128;3149;3119,9
168,3120;3134;3100;3149;3119;3134;3074;3095;3118;3137,3128;3149;3125;3143;3098;3149;3099,9
169,3100;3136;3125;3126;3134;3128;3149;3108;3149;3120;3074,3110;3149;3125;3143;3127;3074,9
170,3125;3134;3093;3149;3119;3074,3125;3139;3108;3149;3108;3135;3125;3135;3110;3149;3119,9
171,3088;3093;3118;3108;3149;3119;3074,3112;3149;3119;3134;3119;3125;3135;3110;3149;3119,9
172,3125;3144;3110;3149;3119;3125;3135;3110;3149;3119,3128;3149;3112;3143;3129;3118;3137,9
173,3125;3135;3100;3119;3125;3134;3105,3128;3139;3100;3112;3134;3108;3149;3118;3093;3108,9
174,3114;3149;3120;3134;3109;3118;3135;3093;3125;3135;3110;3149;3119,3114;3149;3120;3143;3118,9
175,3098;3120;3135;3108;3149;3120,3100;3136;3125;3126;3134;3128;3149;3108;3149;3120;3118;3137,9
176,3095;3148;3120;3125;3135;3074;3098;3105;3074,3111;3120;3149;3118;3134;3098;3120;3107;3118;3137,9
177,3078;3093;3134;3120;3118;3137,3117;3134;3127;3134;3126;3134;3128;3149;3108;3149;3120;3118;3137,9
178,3095;3107;3135;3108;3126;3134;3128;3149;3108;3149;3120;3118;3137,3114;3120;3135;3114;3134;3122;3112;3118;3137,9
179,3125;3144;3110;3149;3119;3126;3134;3128;3149;3108;3149;3120;3118;3137,3128;3118;3134;3112;3108;3149;3125;3118;3137,9
180,3117;3148;3108;3135;3093;3126;3134;3128;3149;3108;3149;3120;3118;3137,3093;3134;3120;3149;3119;3093;3149;3120;3118;3118;3137,9
181,3112;3149;3119;3134;3119;3128;3149;3109;3134;3112;3118;3137,3128;3120;3149;3125;3147;3112;3149;3112;3108;3112;3149;3119;3134;3119;3128;3149;3109;3134;3112;3118;3137,9
182,3114;3103;3074,3125;3135;3110;3149;3119;3137;3108;3149;3108;3137,10
183,3114;3112;3135,3128;3108;3149;3119;3128;3074;3111;3137;3105;3137,10
184,3098;3143;3114,3128;3149;3125;3108;3074;3108;3149;3120;3118;3137,10
185,3093;3125;3135;3108,3120;3134;3100;3149;3119;3134;3074;3095;3118;3137,10
186,3093;3147;3114;3074,3125;3135;3110;3149;3119;3134;3120;3149;3109;3135,10
187,3077;3112;3149;3112,3125;3149;3119;3093;3149;3108;3135;3108;3149;3125;3074,10
188,3078;3093;3134;3120;3118;3137,3081;3112;3149;3112;3108;3125;3135;3110;3149;3119,10
189,3114;3120;3136;3093;3149;3127,3128;3108;3149;3119;3128;3074;3111;3137;3105;3137,10
190,3093;3123;3149;3123;3137,3128;3074;3096;3103;3112;3134;3108;3149;3118;3093;3108,10
191,3077;3112;3149;3125;3143;3127;3135;3074;3098;3105;3074,3112;3134;3112;3149;3112,10
192,3112;3149;3119;3134;3119;3125;3135;3110;3149;3119,3114;3137;3128;3149;3108;3093;3074,10
193,3077;3112;3137;3117;3125;3074,3100;3136;3125;3126;3134;3128;3149;3108;3149;3120;3074,10
194,3100;3136;3125;3126;3134;3128;3149;3108;3149;3120;3118;3137,3077;3105;3125;3137;3122;3137,10
195,3078;3128;3137;3114;3108;3149;3120;3135,3125;3135;3110;3149;3119;3134;3122;3119;3118;3137,10
196,3078;3128;3137;3114;3108;3149;3120;3135,3125;3144;3110;3149;3119;3125;3135;3110;3149;3119,10
197,3078;3110;3134;3119;3074,3120;3128;3134;3119;3112;3126;3134;3128;3149;3108;3149;3120;3074,10
198,3100;3149;3102;3134;3112;3074,3125;3135;3110;3149;3119;3134;3120;3149;3109;3137;3122;3137,10
199,3078;3120;3147;3095;3149;3119;3074,3125;3135;3126;3149;3125;3074;3117;3120;3137;3105;3137,10
200,3094;3095;3147;3123;3126;3134;3128;3149;3108;3149;3120;3118;3137,3078;3093;3134;3126;3118;3137,10
201,3079;3074;3103;3120;3149;3112;3142;3103;3149,3095;3149;3120;3074;3109;3134;3122;3119;3118;3137,10
202,3125;3149;3119;3093;3149;3108;3135;3108;3149;3125;3074,3128;3138;3120;3149;3119;3137;3105;3137,10
203,3118;3134;3111;3149;3119;3118;3135;3093;3125;3135;3110;3149;3119,3118;3134;3120;3149;3114;3137,10
204,3100;3136;3125;3126;3134;3128;3149;3108;3149;3120;3118;3137,3129;3093;3149;3093;3137;3122;3137,10
205,3078;3110;3134;3119;3074,3125;3135;3126;3149;3125;3125;3135;3110;3149;3119;3134;3122;3119;3074,10
206,3093;3123;3134;3126;3134;3122,3117;3134;3127;3134;3126;3134;3128;3149;3108;3149;3120;3118;3137,10
207,3093;3074;3114;3149;3119;3138;3103;3120;3137,3125;3149;3119;3125;3128;3149;3109;3134;3114;3112,10
208,3118;3134;3111;3149;3119;3118;3135;3093;3125;3135;3110;3149;3119,3125;3149;3119;3134;3111;3135,10
209,3112;3149;3119;3134;3119;3128;3149;3109;3134;3112;3118;3137,3129;3093;3149;3093;3137;3122;3137,10
210,3125;3135;3126;3149;3125;3134;3128;3074,3128;3134;3074;3128;3149;3093;3139;3108;3135;3093;3108,10
211,3110;3138;3120;3110;3120;3149;3126;3135;3112;3135,3125;3135;3110;3149;3119;3134;3122;3119;3118;3137,10
212,3100;3136;3125;3126;3134;3128;3149;3108;3149;3120;3118;3137,3125;3149;3119;3125;3129;3134;3120;3074,10
213,3112;3136;3103;3135;3114;3134;3120;3137;3110;3122,3125;3139;3108;3149;3108;3135;3125;3135;3110;3149;3119,10
214,3078;3126;3149;3098;3120;3149;3119;3074,3120;3128;3134;3119;3112;3126;3134;3128;3149;3108;3149;3120;3074,10
215,3094;3095;3147;3123;3126;3134;3128;3149;3108;3149;3120;3118;3137,3095;3118;3112;3134;3120;3149;3129;3074,10
216,3125;3135;3126;3149;3125;3134;3128;3074,3125;3144;3110;3149;3119;3126;3134;3128;3149;3108;3149;3120;3118;3137,10
217,3112;3149;3119;3134;3119;3128;3149;3109;3134;3112;3118;3137,3114;3149;3120;3119;3134;3107;3135;3074;3098;3105;3074,10
218,3095;3107;3135;3108;3126;3134;3128;3149;3108;3149;3120;3118;3137,3128;3108;3149;3119;3128;3074;3111;3137;3105;3137,10
219,3077;3074;3108;3120;3149;3100;3134;3108;3136;3119;3118;3137,3125;3135;3110;3149;3119;3134;3120;3149;3109;3137;3122;3137,10
220,3120;3134;3100;3118;3129;3143;3074;3110;3149;3120;3125;3120;3074,3120;3134;3100;3149;3119;3134;3111;3135;3093;3134;3120;3118;3137,10
221,3077;3074;3108;3120;3149;3100;3134;3108;3136;3119;3118;3137,3120;3128;3134;3119;3112;3126;3134;3128;3149;3108;3149;3120;3118;3137,10
222,3125;3135;3126;3149;3125;3125;3135;3110;3149;3119;3134;3122;3119;3118;3137,3128;3149;3125;3134;3108;3074;3108;3149;3120;3149;3119;3118;3137,10
223,3112;3149;3119;3134;3119;3128;3149;3109;3134;3112;3118;3137,3114;3120;3149;3119;3134;3125;3120;3107;3126;3134;3128;3149;3108;3149;3120;3118;3137,10
224,3118;3112;3128;3149;3108;3108;3149;3125;3126;3134;3128;3149;3108;3149;3120;3118;3137,3128;3149;3125;3134;3108;3074;3108;3149;3120;3149;3119;3118;3137,10
225,3114;3137;3122;3135,3118;3129;3147;3108;3149;3093;3139;3127;3149;3103;3074,11
226,3120;3144;3122;3137,3125;3149;3119;3093;3149;3108;3135;3108;3149;3125;3074,11
227,3114;3134;3122;3112,3125;3135;3118;3120;3149;3126;3135;3074;3098;3105;3074,11
228,3095;3134;3122;3135,3128;3134;3074;3093;3143;3108;3135;3093;3125;3135;3110;3149;3119,11
229,3078;3108;3149;3118,3128;3134;3074;3093;3143;3108;3135;3093;3125;3135;3110;3149;3119,11
230,3114;3074;3105;3137;3095,3114;3149;3120;3119;3147;3100;3112;3093;3120;3118;3144;3112,11
231,3077;3093;3149;3093,3126;3128;3149;3108;3149;3120;3098;3135;3093;3135;3108;3149;3128,11
232,3100;3136;3125;3126;3134;3128;3149;3108;3149;3120;3074,3118;3137;3095;3135;3074;3114;3137,11
233,3114;3114;3149;3114;3137,3128;3118;3134;3100;3126;3134;3128;3149;3108;3149;3120;3118;3137,11
234,3094;3095;3147;3123;3126;3134;3128;3149;3108;3149;3120;3118;3137,3128;3118;3128;3149;3119,11
235,3115;3122;3135;3108;3074,3120;3128;3134;3119;3112;3126;3134;3128;3149;3108;3149;3120;3074,11
236,3112;3144;3108;3135;3093;3108,3114;3149;3120;3134;3109;3118;3135;3093;3125;3135;3110;3149;3119,11
237,3114;3098;3149;3098;3105;3135,3114;3149;3120;3134;3109;3118;3135;3093;3125;3135;3110;3149;3119,11
238,3112;3144;3108;3135;3093;3108,3120;3128;3134;3119;3112;3126;3134;3128;3149;3108;3149;3120;3074,11
239,3095;3107;3135;3108;3126;3134;3128;3149;3108;3149;3120;3118;3137,3126;3135;3093;3149;3127;3107,11
240,3093;3074;3114;3149;3119;3138;3103;3120;3137,3114;3120;3135;3126;3136;3122;3135;3074;3098;3105;3074,11
241,3100;3149;3102;3134;3112;3074,3125;3135;3126;3149;3125;3125;3135;3110;3149;3119;3134;3122;3119;3074,11
242,3077;3120;3149;3109;3126;3134;3128;3149;3108;3149;3120;3118;3137,3114;3149;3120;3093;3139;3108;3135,11
243,3118;3137;3095;3135;3074;3114;3137,3128;3118;3134;3100;3126;3134;3128;3149;3108;3149;3120;3118;3137,11
244,3095;3107;3135;3108;3126;3134;3128;3149;3108;3149;3120;3118;3137,3114;3149;3120;3125;3120;3149;3108;3112,11
245,3111;3120;3149;3118;3134;3098;3120;3107;3118;3137,3118;3129;3147;3108;3149;3093;3139;3127;3149;3103;3074,11
246,3114;3149;3120;3100;3134;3128;3149;3125;3134;3118;3149;3119;3118;3137,3125;3135;3125;3143;3093;3118;3137,11
247,3117;3134;3127;3134;3126;3134;3128;3149;3108;3149;3120;3118;3137,3128;3134;3074;3093;3143;3108;3135;3093;3108,11
248,3125;3139;3108;3149;3108;3135;3125;3135;3110;3149;3119,3126;3149;3120;3110;3149;3111;3134;3074;3100;3122;3135,11
249,3114;3120;3149;3119;3134;3125;3120;3107;3074,3128;3118;3134;3100;3126;3134;3128;3149;3108;3149;3120;3118;3137,11
250,3112;3139;3108;3149;3119;3118;3137,3128;3074;3094;3149;3119;3134;3126;3134;3128;3149;3108;3149;3120;3118;3137,11
251,3118;3134;3111;3149;3119;3118;3135;3093;3125;3135;3110;3149;3119,3125;3135;3126;3149;3125;3134;3128;3118;3137,11
252,3077;3112;3138;3129;3149;3119;3118;3144;3112,3077;3120;3149;3109;3126;3134;3128;3149;3108;3149;3120;3118;3137,11
253,3112;3142;3122;3149;3122;3138;3120;3137,3117;3148;3108;3135;3093;3126;3134;3128;3149;3108;3149;3120;3118;3137,11
254,3098;3120;3135;3108;3149;3120;3126;3134;3128;3149;3108;3149;3120;3118;3137,3112;3093;3149;3127;3108;3149;3120;3074,11
255,3120;3128;3134;3119;3112;3126;3134;3128;3149;3108;3149;3120;3118;3137,3128;3074;3114;3149;3120;3110;3134;3119;3118;3137,11
256,3098;3120;3135;3108;3149;3120;3126;3134;3128;3149;3108;3149;3120;3118;3137,3128;3074;3128;3149;3093;3139;3108;3118;3137,11
257,3112;3135;3120;3137;3108;3149;3128;3134;3129;3074,3114;3149;3120;3100;3134;3128;3149;3125;3134;3118;3149;3119;3118;3137,11
258,3100;3136;3125;3126;3134;3128;3149;3108;3149;3120;3074,3126;3128;3149;3108;3149;3120;3098;3135;3093;3135;3108;3149;3128,11
259,3125;3135;3114;3149;3122;3125;3147;3110;3149;3119;3118;3118;3137,3117;3134;3127;3134;3126;3134;3128;3149;3108;3149;3120;3118;3137,11
260,3116;3134;3111;3149;3119;3108;3134;3119;3137;3108;3118;3144;3112,3128;3074;3094;3149;3119;3134;3126;3134;3128;3149;3108;3149;3120;3118;3137,11
261,3128;3074;3094;3149;3119;3134;3126;3134;3128;3149;3108;3149;3120;3118;3137,3128;3074;3108;3139;3114;3149;3108;3135;3093;3120;3118;3144;3112,11
262,3114;3120;3149;3119;3134;3125;3120;3107;3126;3134;3128;3149;3108;3149;3120;3118;3137,3120;3134;3100;3149;3119;3134;3111;3135;3093;3134;3120;3118;3137,11
263,3116;3074;3111;3074,3120;3134;3100;3149;3119;3134;3111;3135;3093;3134;3120;3118;3137,12
264,3077;3120;3149;3109;3126;3134;3128;3149;3108;3149;3120;3118;3137,3095;3134;3122;3135,12
265,3077;3120;3149;3109;3126;3134;3128;3149;3108;3149;3120;3118;3137,3114;3138;3122;3137,12
266,3114;3149;3120;3100;3134;3128;3149;3125;3134;3118;3149;3119;3118;3137,3128;3134;3111;3112,12
267,3095;3107;3135;3108;3126;3134;3128;3149;3108;3149;3120;3118;3137,3125;3135;3122;3137;3125,12
268,3128;3134;3118;3134;3100;3135;3093;3112;3149;3119;3134;3119;3118;3137,3128;3138;3098;3112,12
269,3110;3138;3120;3074,3125;3144;3110;3149;3119;3126;3134;3128;3149;3108;3149;3120;3118;3137,12
270,3078;3093;3139;3108;3135,3120;3134;3100;3149;3119;3134;3111;3135;3093;3134;3120;3118;3137,12
271,3093;3074;3105;3120;3118;3137,3117;3148;3108;3135;3093;3126;3134;3128;3149;3108;3149;3120;3074,12
272,3114;3103;3149;3103;3135;3093,3128;3118;3134;3100;3126;3134;3128;3149;3108;3149;3120;3118;3137,12
273,3079;3122;3149;3122;3137,3117;3148;3108;3135;3093;3126;3134;3128;3149;3108;3149;3120;3118;3137,12
274,3117;3138;3095;3147;3123;3126;3134;3128;3149;3108;3149;3120;3118;3137,3126;3149;3120;3125;3107;3074,12
275,3093;3123;3134;3126;3134;3122,3114;3149;3120;3100;3134;3128;3149;3125;3134;3118;3149;3119;3118;3137,12
276,3114;3149;3120;3134;3074;3108;3074,3118;3134;3111;3149;3119;3118;3135;3093;3125;3135;3110;3149;3119,12
277,3117;3138;3095;3147;3123;3126;3134;3128;3149;3108;3149;3120;3118;3137,3126;3135;3093;3149;3127;3107,12
278,3114;3149;3120;3119;3147;3100;3112;3093;3120;3118;3144;3112,3125;3144;3110;3149;3119;3137;3105;3137,12
279,3114;3149;3120;3114;3074;3098;3074,3117;3148;3108;3135;3093;3126;3134;3128;3149;3108;3149;3120;3074,12
280,3112;3135;3120;3149;3107;3119;3074,3117;3148;3108;3135;3093;3126;3134;3128;3149;3108;3149;3120;3118;3137,12
281,3114;3137;3128;3149;3108;3093;3074,3125;3135;3126;3149;3125;3125;3135;3110;3149;3119;3134;3122;3119;3074,12
282,3114;3149;3120;3100;3134;3114;3149;3120;3108;3135;3112;3135;3111;3135,3125;3149;3119;3074;3100;3112;3074,12
283,3118;3134;3111;3149;3119;3118;3135;3093;3125;3135;3110;3149;3119,3125;3135;3112;3135;3119;3147;3095;3074,12
284,3114;3149;3120;3100;3134;3114;3149;3120;3108;3135;3112;3135;3111;3135,3086;3112;3149;3112;3135;3093;3122;3137,12
285,3086;3112;3149;3112;3135;3093;3122;3137,3114;3149;3120;3100;3134;3128;3149;3125;3134;3118;3149;3119;3118;3137,12
286,3098;3120;3135;3108;3149;3120;3126;3134;3128;3149;3108;3149;3120;3118;3137,3128;3074;3095;3136;3108;3118;3137,12
287,3120;3128;3134;3119;3112;3126;3134;3128;3149;3108;3149;3120;3118;3137,3125;3135;3126;3149;3125;3134;3128;3074,12
288,3077;3112;3138;3129;3149;3119;3118;3144;3112,3094;3095;3147;3123;3126;3134;3128;3149;3108;3149;3120;3118;3137,12
289,3078;3098;3120;3135;3074;3098;3105;3074,3125;3135;3126;3149;3125;3125;3135;3110;3149;3119;3134;3122;3119;3074,12
290,3093;3074;3114;3149;3119;3138;3103;3120;3149,3120;3128;3134;3119;3112;3126;3134;3128;3149;3108;3149;3120;3074,12
291,3098;3122;3112;3098;3135;3108;3149;3120;3118;3137,3128;3134;3074;3093;3143;3108;3135;3093;3125;3135;3110;3149;3119,12
292,3077;3112;3074;3108;3114;3137;3120;3118;3137,3128;3134;3118;3134;3100;3135;3093;3112;3149;3119;3134;3119;3118;3137,12
293,3093;3074;3114;3149;3119;3138;3103;3120;3137,3125;3135;3126;3149;3125;3125;3135;3110;3149;3119;3134;3122;3119;3118;3137,12
294,3129;3144;3110;3120;3134;3116;3134;3110;3149,3098;3120;3135;3108;3149;3120;3126;3134;3128;3149;3108;3149;3120;3118;3137,12
295,3108;3108;3149;3108;3149;3125;3126;3134;3128;3149;3108;3149;3120;3118;3137,3093;3074;3114;3149;3119;3138;3103;3120;3137,12
296,3125;3144;3110;3149;3119;3126;3134;3128;3149;3108;3149;3120;3118;3137,3112;3135;3100;3134;3118;3134;3116;3134;3110;3149,12
297,3112;3135;3120;3137;3108;3149;3128;3134;3129;3074,3128;3134;3118;3134;3100;3135;3093;3112;3149;3119;3134;3119;3118;3137,12
298,3108;3108;3149;3108;3149;3125;3126;3134;3128;3149;3108;3149;3120;3118;3137,3114;3120;3135;3127;3149;3093;3134;3120;3074,12
299,3111;3120;3149;3118;3134;3098;3120;3107;3118;3137,3125;3135;3126;3149;3125;3125;3135;3110;3149;3119;3134;3122;3119;3118;3137,12
300,3077;3112;3074;3108;3114;3137;3120;3118;3137,3118;3112;3128;3149;3108;3108;3149;3125;3126;3134;3128;3149;3108;3149;3120;3118;3137,12
301,3098;3120;3135;3108;3149;3120;3126;3134;3128;3149;3108;3149;3120;3118;3137,3125;3135;3126;3149;3125;3125;3135;3110;3149;3119;3134;3122;3119;3074,12
302,3114;3103;3074,3120;3134;3100;3149;3119;3134;3111;3135;3093;3134;3120;3118;3137,13
303,3118;3074;3110;3137,3126;3128;3149;3108;3149;3120;3098;3135;3093;3135;3108;3149;3128,13
304,3095;3110;3135,3114;3149;3120;3100;3134;3114;3149;3120;3108;3135;3112;3135;3111;3135,13
305,3114;3149;3120;3100;3134;3114;3149;3120;3108;3135;3112;3135;3111;3135,3117;3134;3127,13
306,3120;3128;3134;3119;3112;3126;3134;3128;3149;3108;3149;3120;3118;3137,3118;3074;3110;3137,13
307,3125;3144;3110;3149;3119;3126;3134;3128;3149;3108;3149;3120;3118;3137,3128;3134;3111;3112,13
308,3114;3104;3112;3074,3120;3128;3134;3119;3112;3126;3134;3128;3149;3108;3149;3120;3118;3137,13
309,3079;3122;3149;3122;3137,3128;3134;3074;3093;3143;3108;3135;3093;3125;3135;3110;3149;3119,13
310,3117;3138;3095;3147;3123;3126;3134;3128;3149;3108;3149;3120;3118;3137,3112;3110;3137;3122;3137,13
311,3093;3137;3093;3149;3093,3117;3138;3095;3147;3123;3126;3134;3128;3149;3108;3149;3120;3118;3137,13
312,3114;3108;3149;3120;3074,3128;3134;3118;3134;3100;3135;3093;3112;3149;3119;3134;3119;3118;3137,13
313,3114;3149;3120;3134;3109;3118;3135;3093;3125;3135;3110;3149;3119,3128;3129;3112;3126;3136;3122;3108,13
314,3079;3122;3149;3122;3137,3108;3108;3149;3108;3149;3125;3126;3134;3128;3149;3108;3149;3120;3118;3137,13
315,3077;3074;3108;3120;3135;3093;3149;3127;3114;3120;3135;3126;3147;3111;3112,3112;3134;3112;3149;3112,13
316,3077;3117;3135;3125;3139;3110;3149;3111;3135;3098;3143;3119;3105;3074,3125;3120;3074;3095;3122;3149,13
317,3112;3135;3120;3074;3108;3120;3134;3117;3135;3125;3139;3110;3149;3111;3135,3125;3120;3149;3127;3074,13
318,3077;3112;3137;3125;3134;3110;3074,3114;3149;3120;3100;3134;3114;3149;3120;3108;3135;3112;3135;3111;3135,13
319,3114;3149;3120;3100;3134;3128;3149;3125;3134;3118;3149;3119;3118;3137,3128;3129;3112;3126;3136;3122;3108,13
320,3108;3108;3149;3108;3149;3125;3126;3134;3128;3149;3108;3149;3120;3118;3137,3117;3134;3127;3149;3119;3074,13
321,3108;3108;3149;3108;3149;3125;3126;3134;3128;3149;3108;3149;3120;3118;3137,3125;3149;3119;3074;3100;3112;3074,13
322,3112;3135;3120;3074;3108;3120;3134;3117;3135;3125;3139;3110;3149;3111;3135,3125;3135;3100;3119;3125;3134;3105,13
323,3114;3149;3120;3118;3134;3107;3074,3128;3074;3094;3149;3119;3134;3126;3134;3128;3149;3108;3149;3120;3118;3137,13
324,3077;3112;3137;3125;3134;3110;3074,3108;3108;3149;3108;3149;3125;3126;3134;3128;3149;3108;3149;3120;3118;3137,13
325,3114;3149;3120;3119;3134;3107;3135;3074;3098;3105;3074,3128;3134;3118;3134;3100;3135;3093;3112;3149;3119;3134;3119;3118;3137,13
326,3077;3074;3108;3120;3149;3100;3134;3108;3136;3119;3118;3137,3125;3135;3126;3149;3125;3125;3135;3110;3149;3119;3134;3122;3119;3074,13
327,3118;3112;3128;3149;3108;3108;3149;3125;3126;3134;3128;3149;3108;3149;3120;3118;3137,3125;3135;3110;3149;3119;3134;3122;3119;3118;3137,13
328,3125;3135;3126;3134;3094;3114;3103;3149;3112;3074,3114;3120;3149;3119;3134;3125;3120;3107;3126;3134;3128;3149;3108;3149;3120;3118;3137,13
329,3120;3134;3100;3118;3129;3143;3074;3110;3149;3120;3125;3120;3074,3128;3074;3094;3149;3119;3134;3126;3134;3128;3149;3108;3149;3120;3118;3137,13
330,3114;3120;3149;3119;3134;3125;3120;3107;3126;3134;3128;3149;3108;3149;3120;3118;3137,3125;3135;3114;3149;3122;3125;3147;3110;3149;3119;3118;3118;3137,13
331,3112;3148;3093,3125;3144;3110;3149;3119;3126;3134;3128;3149;3108;3149;3120;3118;3137,14
332,3114;3103;3074,3117;3138;3095;3147;3123;3126;3134;3128;3149;3108;3149;3120;3118;3137,14
333,3114;3149;3120;3100;3134;3114;3149;3120;3108;3135;3112;3135;3111;3135,3093;3137;3103;3137;3074;3116;3118;3137,14
334,3112;3134;3112;3149;3112,3118;3112;3128;3149;3108;3108;3149;3125;3126;3134;3128;3149;3108;3149;3120;3118;3137,14
335,3098;3120;3135;3108;3149;3120;3126;3134;3128;3149;3108;3149;3120;3118;3137,3114;3137;3122;3135;3129;3147;3120,14
336,3118;3112;3128;3149;3108;3108;3149;3125;3126;3134;3128;3149;3108;3149;3120;3118;3137,3128;3129;3093;3134;3120;3074,14
337,3128;3074;3094;3149;3119;3134;3126;3134;3128;3149;3108;3149;3120;3118;3137,3077;3117;3135;3125;3139;3110;3149;3111;3135,14
338,3114;3149;3120;3134;3074;3108;3074,3118;3112;3128;3149;3108;3108;3149;3125;3126;3134;3128;3149;3108;3149;3120;3118;3137,14
339,3117;3148;3108;3135;3093;3126;3134;3128;3149;3108;3149;3120;3118;3137,3114;3149;3120;3134;3109;3118;3135;3093;3125;3135;3110;3149;3119,14
340,3112;3149;3119;3134;3119;3118;3137,3128;3120;3149;3125;3147;3112;3149;3112;3108;3112;3149;3119;3134;3119;3128;3149;3109;3134;3112;3118;3137,14
341,3125;3149;3119;3134;3119;3134;3118;3074,3128;3120;3149;3125;3147;3112;3149;3112;3108;3112;3149;3119;3134;3119;3128;3149;3109;3134;3112;3118;3137,14
342,3125;3149;3119;3125;3128;3149;3109;3134;3114;3112,3128;3120;3149;3125;3147;3112;3149;3112;3108;3112;3149;3119;3134;3119;3128;3149;3109;3134;3112;3118;3137,14
343,3125;3149;3119;3134;3094;3149;3119;3134;3112;3074,3128;3120;3149;3125;3147;3112;3149;3112;3108;3112;3149;3119;3134;3119;3128;3149;3109;3134;3112;3118;3137,14
344,3125;3135;3126;3149;3125;3125;3135;3110;3149;3119;3134;3122;3119;3118;3137,3114;3074;3105;3137;3095,15
345,3112;3135;3120;3074;3108;3120;3134;3117;3135;3125;3139;3110;3149;3111;3135,3128;3134;3118;3134;3100;3135;3093;3112;3149;3119;3134;3119;3118;3137,15
346,3077;3074;3108;3120;3135;3093;3149;3127;3114;3120;3135;3126;3147;3111;3112,3125;3135;3126;3149;3125;3125;3135;3110;3149;3119;3134;3122;3119;3118;3137,15
347,3128;3120;3149;3125;3147;3112;3149;3112;3108;3112;3149;3119;3134;3119;3128;3149;3109;3134;3112;3118;3137,3077;3117;3135;3125;3139;3110;3149;3111;3135,19
348,3114;3103;3074,3114;3110;3074,1
349,3117;3134;3125;3074,3117;3134;3125;3112,1
350,3112;3136;3120;3137,3112;3147;3120;3137,1
351,3078;3129;3134;3120;3074,3078;3098;3134;3120;3074,1
352,3125;3134;3098;3112;3074,3125;3134;3129;3112;3074,1
353,3078;3093;3134;3120;3118;3137,3078;3093;3134;3126;3118;3137,1
354,3114;3120;3136;3093;3149;3127,3114;3120;3136;3093;3149;3127;3107,1
355,3114;3149;3120;3118;3134;3107;3074,3114;3149;3120;3118;3134;3110;3074,1
356,3114;3104;3112;3074,3114;3110;3074,2
357,3117;3119;3074,3117;3134;3125;3074,2
358,3117;3125;3112;3074,3117;3134;3125;3074,2
359,3114;3104;3112;3074,3128;3129;3112;3074,2
360,3093;3147;3114;3074,3110;3147;3127;3074,2
361,3098;3122;3112;3074,3128;3129;3112;3074,2
362,3128;3118;3119;3074,3128;3118;3136;3114;3074,2
363,3120;3093;3149;3127;3107,3126;3135;3093;3149;3127;3107,2
364,3100;3149;3102;3134;3112;3074,3128;3149;3109;3134;3112;3074,2
365,3114;3103;3149;3103;3107;3074,3114;3103;3149;3103;3135;3093,2
366,3077;3108;3135;3125;3139;3127;3149;3103;3135,3077;3112;3134;3125;3139;3127;3149;3103;3135,2
367,3093;3105;3114,3128;3143;3125,3
368,3093;3105;3114,3114;3110;3074,3
369,3095;3137;3107;3074,3114;3110;3074,3
370,3093;3105;3114,3093;3120;3137;3107,3
371,3093;3125;3135;3108,3110;3135;3126,3
372,3093;3147;3114;3074,3114;3074;3103,3
373,3114;3074;3103,3128;3074;3096;3103;3112,3
374,3095;3137;3107;3074,3110;3147;3127;3074,3
375,3095;3137;3107;3074,3128;3129;3112;3074,3
376,3095;3137;3107;3074,3125;3143;3095;3074,3
377,3114;3138;3122;3137,3093;3134;3119;3122;3137,3
378,3093;3122;3149;3114;3112,3093;3147;3114;3074,3
379,3079;3122;3149;3122;3137,3112;3110;3137;3122;3137,3
380,3094;3118;3149;3118;3074,3098;3103;3149;3103;3074,3
381,3098;3135;3108;3149;3120;3074,3125;3135;3108;3120;3107,3
382,3093;3123;3134;3126;3134;3122,3114;3134;3104;3126;3134;3122,3
383,3078;3093;3139;3108;3135,3114;3149;3120;3093;3139;3108;3135,3
384,3111;3144;3120;3149;3119;3118;3137,3125;3120;3149;3127;3118;3137,3
385,3114;3149;3120;3093;3139;3108;3135,3114;3149;3120;3134;3074;3108;3074,3
386,3125;3149;3119;3125;3128;3134;3119;3074,3125;3149;3119;3125;3128;3149;3109,3
387,3128;3149;3125;3108;3074;3108;3149;3120;3118;3137,3128;3149;3125;3134;3108;3074;3108;3149;3120;3149;3119;3118;3137,3
388,3114;3112;3135,3116;3074;3111;3074,4
389,3093;3105;3114,3117;3134;3125;3074,4
390,3110;3134;3120;3135,3117;3119;3074,4
391,3117;3125;3112;3074,3118;3111;3149;3119,4
392,3093;3146;3122;3108,3120;3074;3095;3137,4
393,3098;3134;3120;3137,3110;3143;3126;3074,4
394,3086;3118;3137;3093,3128;3138;3098;3112,4
395,3114;3114;3149;3114;3137,3098;3134;3120;3137,4
396,3114;3149;3120;3143;3118,3093;3120;3137;3107,4
397,3110;3143;3126;3074,3112;3110;3137;3122;3137,4
398,3094;3118;3149;3118;3074,3117;3134;3125;3074,4
399,3077;3103;3149;3103;3137,3079;3105;3149;3122;3136,4
400,3098;3134;3120;3137,3098;3135;3108;3149;3120;3074,4
401,3078;3122;3147;3098;3112,3128;3074;3096;3103;3112,4
402,3094;3118;3149;3118;3074,3112;3118;3138;3112;3134,4
403,3098;3103;3149;3103;3074,3112;3135;3119;3118;3074,4
404,3128;3118;3119;3074,3128;3149;3118;3139;3108;3135,4
405,3110;3147;3127;3074,3122;3093;3149;3127;3107;3074,4
406,3094;3120;3149;3098;3137,3126;3116;3149;3110;3074,4
407,3112;3110;3137;3122;3137,3093;3146;3074;3105;3122;3137,4
408,3129;3139;3110;3119;3118;3137,3118;3142;3110;3105;3137,4
409,3095;3149;3120;3134;3118;3074,3112;3135;3119;3118;3074,4
410,3079;3122;3149;3122;3137,3115;3122;3135;3108;3118;3137,4
411,3093;3149;3120;3118;3074,3122;3093;3149;3127;3149;3119;3074,4
412,3125;3134;3093;3149;3119;3074,3128;3138;3108;3149;3120;3074,4
413,3098;3120;3149;3118;3118;3137,3128;3149;3125;3120;3118;3137,4
414,3098;3103;3149;3103;3118;3137,3098;3142;3125;3137;3122;3137,4
415,3125;3120;3149;3127;3118;3137,3129;3139;3110;3119;3118;3137,4
416,3077;3112;3137;3125;3134;3110;3074,3112;3135;3125;3134;3120;3107,4
417,3114;3120;3135;3107;3134;3118;3074,3114;3149;3120;3118;3134;3110;3074,4
418,3112;3093;3149;3127;3108;3149;3120;3074,3128;3138;3108;3149;3120;3074,4
419,3128;3143;3125,3095;3137;3107;3118;3137,5
420,3077;3095;3149;3112;3135,3112;3136;3120;3137,5
421,3077;3095;3149;3112;3135,3114;3138;3122;3137,5
422,3114;3110;3074,3128;3074;3093;3122;3112;3074,5
423,3078;3129;3134;3120;3074,3120;3074;3095;3137,5
424,3095;3137;3107;3074,3114;3149;3120;3143;3118,5
425,3079;3105;3149;3122;3136,3095;3137;3107;3074,5
426,3112;3147;3120;3137,3118;3137;3093;3149;3093;3137,5
427,3105;3143;3103;3134,3128;3129;3093;3134;3120;3074,5
428,3118;3134;3114;3093;3074,3120;3093;3149;3127;3107,5
429,3077;3103;3149;3103;3137,3078;3110;3134;3119;3074,5
430,3095;3107;3135;3108;3074,3128;3138;3098;3135;3093,5
431,3125;3139;3110;3149;3111;3135,3128;3134;3111;3112,5
432,3093;3134;3123;3149;3123;3137,3118;3112;3128;3137,5
433,3114;3134;3122;3137,3126;3134;3128;3112;3128;3117,5
434,3078;3129;3134;3120;3074,3118;3112;3135;3127;3135,5
435,3118;3142;3110;3105;3137,3125;3135;3122;3137;3125,5
436,3118;3112;3135;3127;3135,3118;3138;3122;3149;3119;3074,5
437,3125;3134;3129;3112;3074,3126;3149;3120;3125;3107;3074,5
438,3117;3110;3149;3120;3108,3129;3139;3110;3119;3118;3137,5
439,3114;3142;3123;3149;3123;3135,3117;3110;3149;3120;3108,5
440,3112;3135;3120;3149;3107;3119;3074,3112;3147;3120;3137,5
441,3078;3112;3074;3110;3074,3128;3129;3093;3134;3120;3074,5
442,3078;3093;3134;3126;3118;3137,3128;3118;3134;3100;3074,5
443,3112;3110;3137;3122;3137,3112;3134;3107;3149;3119;3108,5
444,3126;3134;3128;3112;3128;3117,3126;3135;3093;3149;3127,5
445,3114;3108;3149;3120;3074,3120;3147;3105;3149;3105;3137,5
446,3098;3142;3103;3149;3103;3137,3126;3093;3149;3108;3135,5
447,3095;3107;3135;3108;3074,3100;3149;3102;3134;3112;3074,5
448,3077;3105;3125;3137;3122;3137,3098;3142;3103;3149;3103;3137,5
449,3128;3138;3108;3149;3120;3074,3128;3149;3118;3139;3108;3135,5
450,3078;3098;3120;3107,3078;3125;3135;3127;3149;3093;3120;3107,5
451,3081;3110;3149;3119;3147;3095;3074,3122;3093;3149;3127;3107;3074,5
452,3093;3149;3127;3136;3107;3108,3129;3093;3149;3093;3137;3122;3137,5
453,3125;3135;3122;3137;3125,3125;3135;3126;3149;3122;3143;3127;3107,5
454,3098;3142;3125;3137;3122;3137,3112;3142;3122;3149;3122;3138;3120;3137,5
455,3128;3118;3134;3098;3134;3120;3118;3137,3128;3074;3110;3143;3126;3118;3137,5
456,3129;3093;3149;3093;3137;3122;3137,3116;3134;3111;3149;3119;3108;3122;3137,5
457,3118;3138;3122;3149;3119;3074,3128;3143;3125,6
458,3120;3147;3105;3149;3105;3137,3128;3138;3098;3112,6
459,3092;3127;3111;3074,3093;3134;3123;3149;3123;3137,6
460,3093;3105;3114,3118;3137;3095;3135;3074;3114;3137,6
461,3128;3074;3108;3147;3127;3118;3137,3128;3143;3125,6
462,3117;3119;3074,3125;3149;3119;3134;3094;3149;3119,6
463,3098;3103;3149;3103;3118;3137,3126;3135;3093;3149;3127,6
464,3125;3120;3149;3127;3118;3137,3128;3118;3136;3114;3074,6
465,3110;3137;3075;3094;3074,3129;3139;3110;3119;3118;3137,6
466,3093;3134;3119;3122;3137,3098;3135;3108;3149;3120;3074,6
467,3114;3120;3135;3118;3134;3107;3074,3117;3125;3112;3074,6
468,3112;3144;3108;3135;3093;3108,3128;3074;3094;3149;3119,6
469,3098;3103;3149;3103;3118;3137,3125;3134;3129;3112;3074,6
470,3093;3134;3123;3149;3123;3137,3115;3122;3135;3108;3074,6
471,3114;3103;3149;3103;3135;3093,3126;3135;3093;3149;3127,6
472,3114;3149;3120;3128;3074;3095;3074,3117;3134;3125;3074,6
473,3114;3149;3120;3143;3118,3128;3074;3093;3122;3112;3074,6
474,3100;3136;3125;3135;3108;3074,3114;3149;3120;3143;3118,6
475,3111;3144;3120;3149;3119;3118;3137,3126;3093;3149;3108;3135,6
476,3077;3095;3149;3112;3135,3125;3149;3119;3074;3100;3112;3074,6
477,3093;3074;3105;3120;3118;3137,3116;3134;3111;3149;3119;3108,6
478,3112;3139;3108;3149;3119;3118;3137,3126;3093;3149;3108;3135,6
479,3078;3093;3134;3126;3118;3137,3117;3134;3127;3149;3119;3074,6
480,3114;3110;3149;3111;3108;3135,3128;3074;3117;3134;3127;3107,6
481,3110;3138;3120;3074,3114;3149;3120;3119;3108;3149;3112;3074,6
482,3093;3120;3137;3107,3114;3149;3120;3093;3149;3120;3135;3119,6
483,3125;3143;3095;3074,3125;3149;3119;3134;3114;3134;3120;3074,6
484,3088;3093;3118;3108;3149;3119;3074,3128;3139;3127;3149;3103;3135,6
485,3112;3135;3125;3143;3110;3135;3093,3114;3098;3149;3098;3105;3135,6
486,3125;3149;3119;3134;3093;3120;3107;3074,3126;3120;3136;3120;3074,6
487,3118;3134;3114;3093;3074,3128;3118;3134;3098;3134;3120;3118;3137,6
488,3098;3135;3093;3135;3108;3149;3128,3128;3074;3093;3122;3112;3074,6
489,3093;3134;3123;3149;3123;3137,3120;3134;3100;3111;3134;3112;3135,6
490,3118;3137;3095;3135;3074;3114;3137,3129;3139;3110;3119;3118;3137,6
491,3078;3093;3134;3126;3118;3137,3128;3118;3137;3110;3149;3120;3118;3137,6
492,3116;3134;3111;3149;3119;3108,3122;3093;3149;3127;3149;3119;3118;3137,6
493,3112;3093;3149;3127;3108;3149;3120;3074,3114;3103;3149;3103;3107;3074,6
494,3098;3120;3149;3118;3118;3137,3116;3135;3120;3149;3119;3134;3112;3136,6
495,3128;3074;3117;3134;3127;3107,3128;3074;3128;3149;3093;3139;3108;3135,6
496,3125;3149;3119;3134;3119;3134;3118;3074,3128;3149;3125;3120;3118;3137,6
497,3114;3137;3120;3147;3095;3108;3135,3120;3134;3100;3111;3134;3112;3135,6
498,3111;3144;3120;3149;3119;3118;3137,3114;3149;3120;3093;3149;3120;3135;3119,6
499,3114;3137;3128;3149;3108;3093;3118;3137,3116;3134;3111;3149;3119;3108;3122;3137,6
500,3128;3134;3074;3128;3149;3093;3139;3108;3135;3093;3108,3128;3149;3118;3139;3108;3135,6
501,3077;3074;3108;3120;3149;3100;3134;3108;3136;3119;3118;3137,3120;3134;3100;3093;3136;3119;3118;3137,6
502,3095;3149;3120;3074;3109;3134;3122;3119;3118;3137,3114;3149;3120;3117;3137;3108;3149;3125;3118;3137,6
503,3095;3149;3120;3074;3109;3134;3122;3119;3118;3137,3128;3074;3114;3149;3120;3110;3134;3119;3118;3137,6
504,3093;3105;3114,3122;3093;3149;3127;3149;3119;3118;3137,7
505,3093;3146;3122;3108,3114;3149;3120;3128;3074;3095;3074,7
506,3098;3122;3112;3074,3114;3149;3120;3093;3139;3108;3135,7
507,3098;3122;3112;3074,3125;3143;3110;3135;3093;3128;3117,7
508,3114;3149;3120;3110;3120;3149;3126;3112,3117;3134;3125;3112,7
509,3110;3137;3075;3094;3074,3125;3135;3111;3134;3112;3118;3137,7
510,3112;3118;3138;3112;3134,3128;3074;3110;3143;3126;3118;3137,7
511,3114;3137;3128;3149;3108;3093;3118;3137,3128;3134;3111;3112,7
512,3108;3120;3149;3093;3074,3128;3129;3112;3126;3136;3122;3108,7
513,3114;3149;3120;3134;3074;3108;3074,3128;3074;3094;3149;3119,7
514,3114;3120;3135;3125;3120;3149;3108;3112;3074,3120;3098;3112,7
515,3077;3103;3149;3103;3137,3081;3108;3149;3114;3108;3149;3108;3135,7
516,3125;3143;3110;3135;3093;3128;3117,3126;3149;3120;3125;3107;3074,7
517,3115;3122;3135;3108;3074,3125;3149;3119;3125;3128;3134;3119;3074,7
518,3094;3120;3149;3098;3137,3112;3144;3114;3137;3107;3149;3119;3074,7
519,3077;3103;3149;3103;3137,3114;3149;3120;3125;3120;3149;3108;3112,7
520,3078;3126;3149;3098;3120;3149;3119;3074,3125;3135;3108;3120;3107,7
521,3114;3149;3120;3093;3149;3120;3135;3119,3129;3122;3149;3125;3134,7
522,3118;3137;3095;3135;3074;3114;3137,3128;3149;3109;3134;3112;3074,7
523,3114;3134;3122;3137,3114;3149;3120;3119;3147;3095;3126;3134;3122,7
524,3081;3108;3149;3114;3108;3149;3108;3135,3126;3116;3149;3110;3074,7
525,3077;3112;3137;3125;3134;3110;3074,3114;3149;3120;3108;3136;3093,7
526,3098;3135;3093;3135;3108;3149;3128,3112;3136;3123;3149;3123;3137,7
527,3093;3149;3120;3118;3074,3116;3135;3120;3149;3119;3134;3112;3136,7
528,3114;3103;3118;3134;3114;3093;3074,3116;3134;3111;3149;3119;3108,7
529,3112;3146;3114;3149;3114;3135,3129;3093;3149;3093;3137;3122;3137,7
530,3112;3135;3119;3118;3074,3128;3118;3137;3110;3149;3120;3118;3137,7
531,3078;3093;3134;3126;3118;3137,3114;3149;3120;3118;3134;3107;3074,7
532,3112;3144;3108;3135;3093;3108,3125;3149;3119;3125;3128;3149;3109,7
533,3112;3110;3137;3122;3137,3128;3118;3134;3112;3108;3149;3125;3074,7
534,3128;3118;3134;3098;3134;3120;3118;3137,3100;3149;3102;3134;3112;3074,7
535,3118;3138;3122;3149;3119;3074,3125;3135;3126;3149;3122;3143;3127;3107,7
536,3112;3135;3125;3143;3110;3135;3093,3114;3149;3120;3118;3134;3110;3074,7
537,3116;3134;3111;3149;3119;3108;3122;3137,3128;3074;3093;3143;3108;3074,7
538,3112;3144;3108;3135;3093;3108,3114;3137;3128;3149;3108;3093;3118;3137,7
539,3077;3093;3149;3127;3120;3074,3078;3098;3120;3135;3074;3098;3105;3074,7
540,3081;3110;3134;3129;3120;3107,3112;3142;3122;3149;3122;3138;3120;3137,7
541,3118;3134;3108;3139;3117;3134;3127,3125;3143;3110;3135;3093;3128;3117,7
542,3112;3144;3114;3137;3107;3149;3119;3074,3128;3129;3093;3134;3120;3074,7
543,3114;3137;3128;3149;3108;3093;3118;3137,3126;3134;3128;3112;3128;3117,7
544,3120;3143;3105;3135;3119;3147,3125;3149;3119;3134;3119;3134;3118;3074,7
545,3078;3098;3120;3135;3074;3098;3105;3074,3125;3120;3149;3127;3118;3137,7
546,3112;3142;3122;3149;3122;3138;3120;3137,3128;3129;3093;3134;3120;3074,7
547,3110;3149;3125;3143;3127;3074,3112;3134;3119;3093;3108;3149;3125;3074,7
548,3125;3149;3119;3134;3119;3134;3118;3074,3128;3074;3110;3143;3126;3118;3137,7
549,3128;3129;3093;3134;3120;3074,3128;3134;3118;3120;3149;3109;3149;3119;3074,7
550,3114;3120;3135;3126;3147;3111;3112;3118;3137,3126;3134;3128;3112;3128;3117,7
551,3112;3135;3120;3149;3107;3119;3118;3137,3114;3120;3135;3126;3136;3122;3112,7
552,3114;3098;3149;3098;3105;3135,3114;3120;3135;3127;3149;3093;3134;3120;3074,7
553,3093;3137;3103;3137;3074;3116;3118;3137,3118;3135;3108;3149;3120;3137;3105;3137,7
554,3095;3148;3120;3125;3135;3074;3098;3105;3074,3114;3120;3135;3126;3147;3111;3112,7
555,3077;3074;3095;3136;3093;3134;3120;3074,3112;3144;3114;3137;3107;3149;3119;3074,7
556,3128;3134;3074;3093;3143;3108;3135;3093;3108,3128;3149;3125;3143;3098;3149;3099,7
557,3077;3117;3149;3119;3120;3149;3109;3112,3128;3134;3129;3135;3108;3149;3119;3074,7
558,3125;3074;3103;3135;3122;3149;3122;3137,3125;3149;3119;3134;3093;3120;3107;3074,7
559,3078;3093;3134;3120;3118;3137,3095;3149;3120;3074;3109;3134;3122;3119;3118;3137,7
560,3114;3149;3120;3119;3147;3095;3126;3134;3122,3125;3149;3119;3125;3129;3134;3120;3074,7
561,3093;3074;3114;3149;3119;3138;3103;3120;3149,3122;3093;3149;3127;3149;3119;3118;3137,7
562,3110;3138;3120;3110;3120;3149;3126;3135;3112;3135,3120;3134;3100;3111;3134;3112;3135,7
563,3077;3108;3135;3125;3139;3127;3149;3103;3135,3077;3117;3149;3119;3120;3149;3109;3112,7
564,3128;3074;3110;3120;3149;3126;3093;3137;3122;3137,3128;3120;3135;3129;3110;3149;3110;3137,7
565,3114;3120;3149;3119;3134;3125;3120;3107;3118;3137,3128;3118;3137;3110;3149;3120;3118;3137,7
566,3125;3074;3103;3135;3122;3149;3122;3137,3128;3074;3110;3120;3149;3126;3093;3137;3122;3137,7
567,3077;3112;3074;3108;3114;3137;3120;3118;3137,3114;3120;3149;3119;3134;3125;3120;3107;3118;3137,7
568,3110;3135;3126,3114;3149;3120;3119;3108;3149;3112;3074,8
569,3114;3137;3128;3149;3108;3093;3118;3137,3117;3119;3074,8
570,3078;3125;3135;3127;3149;3093;3120;3107,3093;3146;3122;3108,8
571,3105;3143;3103;3134,3114;3149;3120;3110;3120;3149;3126;3112,8
572,3110;3143;3126;3074,3116;3135;3120;3149;3119;3134;3112;3136,8
573,3125;3149;3119;3125;3129;3134;3120;3074,3126;3093;3149;3108;3135,8
574,3078;3120;3074;3117;3074,3128;3074;3128;3149;3093;3139;3108;3135,8
575,3077;3112;3074;3108;3114;3137;3120;3118;3137,3093;3146;3122;3108,8
576,3078;3122;3147;3098;3112,3125;3149;3119;3134;3114;3134;3120;3074,8
577,3112;3147;3120;3137,3128;3074;3114;3149;3120;3110;3134;3119;3074,8
578,3125;3149;3119;3125;3128;3134;3119;3074,3128;3138;3098;3135;3093,8
579,3118;3112;3128;3137,3128;3134;3118;3120;3149;3109;3149;3119;3074,8
580,3077;3112;3074;3108;3114;3137;3120;3118;3137,3116;3074;3111;3074,8
581,3077;3108;3135;3125;3139;3127;3149;3103;3135,3125;3135;3108;3120;3107,8
582,3126;3149;3120;3125;3107;3074,3128;3120;3135;3129;3110;3149;3110;3137,8
583,3078;3128;3137;3114;3108;3149;3120;3135,3125;3149;3119;3134;3128;3074,8
584,3118;3142;3110;3105;3137,3128;3074;3128;3149;3093;3120;3107;3122;3137,8
585,3116;3135;3120;3149;3119;3134;3112;3136,3128;3074;3093;3143;3108;3074,8
586,3093;3137;3103;3137;3074;3116;3118;3137,3098;3120;3135;3108;3149;3120,8
587,3077;3110;3149;3117;3137;3108;3118;3144;3112,3112;3134;3107;3149;3119;3108,8
588,3078;3122;3147;3098;3112,3098;3122;3112;3098;3135;3108;3149;3120;3118;3137,8
589,3112;3134;3119;3093;3108;3149;3125;3074,3125;3135;3125;3143;3093;3118;3137,8
590,3120;3134;3100;3111;3134;3112;3135,3128;3118;3137;3110;3149;3120;3118;3137,8
591,3125;3149;3119;3134;3128;3074,3128;3074;3128;3149;3093;3120;3107;3122;3137,8
592,3114;3120;3149;3119;3134;3125;3120;3107;3074,3116;3134;3111;3149;3119;3108,8
593,3120;3134;3127;3149;3103;3149;3120;3074,3128;3129;3112;3126;3136;3122;3108,8
594,3078;3120;3074;3117;3074,3095;3149;3120;3074;3109;3134;3122;3119;3118;3137,8
595,3077;3117;3149;3119;3120;3149;3109;3112,3108;3135;3120;3137;3114;3108;3135,8
596,3077;3093;3149;3127;3120;3074,3128;3134;3074;3093;3143;3108;3135;3093;3108,8
597,3108;3120;3149;3093;3074,3120;3143;3094;3134;3098;3135;3108;3149;3120;3074,8
598,3118;3134;3114;3093;3074,3128;3139;3100;3112;3134;3108;3149;3118;3093;3108,8
599,3114;3149;3120;3108;3135;3114;3134;3110;3112,3120;3147;3105;3149;3105;3137,8
600,3081;3108;3149;3114;3108;3149;3108;3135,3128;3074;3108;3147;3127;3118;3137,8
601,3078;3110;3134;3119;3074,3114;3149;3120;3126;3074;3128;3112;3136;3119;3074,8
602,3110;3138;3120;3110;3120;3149;3126;3135;3112;3135,3120;3093;3149;3127;3107,8
603,3125;3143;3110;3135;3093;3128;3117,3128;3118;3134;3098;3134;3120;3118;3137,8
604,3098;3103;3149;3103;3118;3137,3114;3120;3149;3119;3134;3125;3120;3107;3074,8
605,3110;3138;3120;3110;3120;3149;3126;3135;3112;3135,3120;3143;3105;3135;3119;3147,8
606,3128;3139;3127;3149;3103;3135,3128;3149;3125;3108;3074;3108;3149;3120;3118;3137,8
607,3112;3135;3120;3149;3107;3119;3074,3125;3149;3119;3134;3093;3120;3107;3118;3137,8
608,3078;3125;3135;3127;3149;3093;3120;3107,3128;3118;3134;3112;3108;3149;3125;3074,8
609,3114;3149;3120;3119;3147;3095;3126;3134;3122,3128;3074;3110;3143;3126;3118;3137,8
610,3094;3120;3149;3098;3137,3125;3135;3118;3120;3149;3126;3135;3074;3098;3105;3074,8
611,3128;3149;3125;3108;3074;3108;3149;3120;3118;3137,3129;3139;3110;3119;3118;3137,8
612,3114;3149;3120;3119;3147;3095;3074,3128;3074;3128;3149;3093;3120;3107;3122;3137,8
613,3114;3137;3128;3149;3108;3093;3118;3137,3125;3149;3119;3134;3093;3120;3107;3074,8
614,3112;3134;3119;3093;3108;3149;3125;3074,3114;3149;3120;3119;3147;3095;3126;3134;3122,8
615,3125;3149;3119;3134;3114;3134;3120;3074,3128;3149;3125;3108;3074;3108;3149;3120;3118;3137,8
616,3081;3108;3149;3114;3108;3149;3108;3135,3118;3129;3147;3112;3149;3112;3108;3118;3144;3112,8
617,3114;3149;3120;3108;3135;3116;3135;3074;3116;3074,3128;3074;3114;3149;3120;3110;3134;3119;3074,8
618,3114;3149;3120;3119;3134;3107;3074,3114;3149;3120;3119;3147;3100;3112;3093;3120;3118;3144;3112,8
619,3118;3135;3108;3149;3120;3137;3105;3137,3125;3135;3118;3120;3149;3126;3135;3074;3098;3105;3074,8
620,3112;3135;3120;3137;3108;3149;3128;3134;3129;3074,3114;3103;3074,9
621,3077;3117;3135;3125;3139;3110;3149;3111;3135,3098;3134;3120;3137,9
622,3112;3135;3100;3134;3118;3134;3116;3134;3110;3149,3117;3134;3127,9
623,3114;3110;3074,3125;3149;3119;3134;3094;3149;3119;3134;3112;3074,9
624,3125;3149;3119;3134;3093;3120;3107;3118;3137,3128;3118;3128;3149;3119,9
625,3120;3144;3108;3137,3128;3139;3100;3112;3134;3108;3149;3118;3093;3108,9
626,3100;3136;3125;3112;3125;3135;3111;3134;3112;3074,3105;3143;3103;3134,9
627,3095;3149;3120;3074;3109;3134;3122;3119;3074,3126;3135;3093;3149;3127,9
628,3095;3137;3107;3118;3137,3128;3074;3114;3149;3120;3110;3134;3119;3074,9
629,3110;3138;3120;3110;3120;3149;3126;3135;3112;3135,3114;3104;3112;3074,9
630,3114;3149;3120;3117;3137;3108;3149;3125;3118;3137,3118;3112;3128;3137,9
631,3094;3120;3149;3098;3137,3100;3134;3108;3136;3119;3128;3074;3114;3110,9
632,3078;3110;3120;3149;3126;3125;3074;3108;3118;3144;3112,3120;3098;3112,9
633,3078;3122;3147;3098;3135;3074;3098;3105;3074,3120;3093;3149;3127;3107,9
634,3110;3143;3126;3074,3112;3135;3120;3149;3118;3135;3074;3098;3105;3074,9
635,3079;3122;3149;3122;3137,3112;3135;3120;3149;3118;3135;3074;3098;3105;3074,9
636,3098;3142;3103;3149;3103;3137,3100;3134;3108;3136;3119;3128;3074;3114;3110,9
637,3120;3143;3094;3134;3098;3135;3108;3149;3120;3074,3126;3093;3149;3108;3135,9
638,3112;3135;3120;3149;3118;3135;3074;3098;3105;3074,3122;3143;3094;3112;3074,9
639,3114;3149;3120;3108;3135;3116;3135;3074;3116;3074,3118;3134;3114;3093;3074,9
640,3078;3122;3147;3098;3135;3074;3098;3105;3074,3112;3136;3123;3149;3123;3137,9
641,3077;3095;3149;3112;3135,3128;3074;3114;3149;3120;3110;3134;3119;3118;3137,9
642,3112;3146;3114;3149;3114;3135,3125;3149;3119;3134;3093;3120;3107;3118;3137,9
643,3110;3137;3075;3094;3074,3128;3074;3114;3149;3120;3110;3134;3119;3118;3137,9
644,3100;3136;3125;3135;3108;3074,3125;3149;3119;3134;3094;3149;3119;3134;3112;3074,9
645,3077;3112;3149;3125;3143;3127;3135;3074;3098;3105;3074,3114;3108;3149;3120;3074,9
646,3077;3108;3135;3125;3139;3127;3149;3103;3135,3114;3149;3120;3134;3074;3108;3074,9
647,3077;3112;3137;3125;3134;3110;3074,3128;3074;3128;3149;3093;3120;3107;3122;3137,9
648,3112;3135;3120;3149;3107;3119;3074,3128;3134;3074;3093;3143;3108;3135;3093;3108,9
649,3125;3135;3118;3120;3149;3126;3135;3074;3098;3105;3074,3126;3116;3149;3110;3074,9
650,3077;3112;3074;3108;3114;3137;3120;3118;3137,3128;3129;3112;3126;3136;3122;3108,9
651,3095;3148;3120;3125;3135;3074;3098;3105;3074,3128;3074;3108;3147;3127;3118;3137,9
652,3112;3136;3103;3135;3114;3134;3120;3137;3110;3122,3125;3120;3149;3127;3118;3137,9
653,3114;3149;3120;3108;3135;3114;3134;3110;3112,3125;3135;3125;3143;3093;3118;3137,9
654,3093;3074;3114;3149;3119;3138;3103;3120;3149,3118;3134;3108;3139;3117;3134;3127,9
655,3114;3120;3149;3119;3134;3125;3120;3107;3074,3125;3135;3125;3143;3093;3118;3137,9
656,3108;3135;3120;3137;3114;3108;3135,3128;3074;3114;3149;3120;3110;3134;3119;3118;3137,9
657,3077;3108;3135;3125;3139;3127;3149;3103;3135,3120;3134;3100;3093;3136;3119;3118;3137,9
658,3114;3149;3120;3119;3147;3095;3074,3118;3129;3147;3112;3149;3112;3108;3118;3144;3112,9
659,3118;3129;3147;3108;3149;3093;3139;3127;3149;3103;3074,3125;3135;3125;3143;3093;3074,9
660,3118;3137;3093;3149;3093;3137,3125;3135;3126;3149;3125;3074;3117;3120;3137;3105;3137,9
661,3112;3136;3103;3135;3114;3134;3120;3137;3110;3122,3128;3074;3108;3147;3127;3118;3137,9
662,3100;3134;3108;3136;3119;3128;3074;3114;3110,3114;3149;3120;3110;3120;3149;3126;3112,9
663,3112;3135;3120;3149;3118;3135;3074;3098;3105;3074,3125;3074;3103;3135;3122;3149;3122;3137,9
664,3112;3135;3120;3149;3118;3134;3107;3074,3120;3143;3094;3134;3098;3135;3108;3149;3120;3074,9
665,3077;3095;3118;3149;3119;3095;3147;3098;3120;3074,3118;3134;3120;3149;3093;3142;3103;3149,9
666,3120;3134;3127;3149;3103;3149;3120;3074,3128;3074;3110;3120;3149;3126;3093;3137;3122;3137,9
667,3081;3110;3149;3119;3147;3095;3074,3126;3149;3120;3110;3149;3111;3134;3074;3100;3122;3135,9
668,3077;3074;3095;3136;3093;3134;3120;3074,3095;3149;3120;3074;3109;3134;3122;3119;3118;3137,9
669,3112;3136;3103;3135;3114;3134;3120;3137;3110;3122,3114;3149;3120;3119;3147;3095;3126;3134;3122,9
670,3112;3135;3120;3149;3118;3134;3107;3074,3128;3120;3149;3125;3134;3111;3135;3093;3134;3120;3135,9
671,3118;3129;3147;3112;3149;3112;3108;3118;3144;3112,3128;3134;3118;3120;3149;3109;3149;3119;3074,9
672,3081;3108;3149;3114;3108;3149;3108;3135,3093;3134;3120;3149;3119;3093;3149;3120;3118;3118;3137,9
673,3125;3149;3119;3093;3149;3108;3135;3108;3149;3125;3074,3128;3074;3128;3149;3093;3139;3108;3135,9
674,3098;3135;3120;3128;3149;3118;3120;3107;3136;3119;3074,3128;3118;3134;3112;3108;3149;3125;3074,9
675,3114;3120;3149;3119;3134;3125;3120;3107;3074,3118;3129;3147;3108;3149;3093;3139;3127;3149;3103;3074,9
676,3077;3128;3134;3111;3134;3120;3107;3118;3144;3112,3125;3135;3126;3134;3094;3114;3103;3149;3112;3074,9
677,3112;3135;3120;3137;3108;3149;3128;3134;3129;3074,3120;3143;3094;3134;3098;3135;3108;3149;3120;3074,9
678,3128;3074;3108;3139;3114;3149;3108;3135;3093;3120;3118;3144;3112,3128;3074;3114;3149;3120;3110;3134;3119;3074,9
679,3125;3134;3120;3149;3108;3134;3114;3108;3149;3120;3135;3093,3128;3134;3074;3128;3149;3093;3139;3108;3135;3093;3108,9
680,3077;3095;3118;3149;3119;3095;3147;3098;3120;3074,3114;3138;3122;3137,10
681,3125;3143;3095;3074,3128;3074;3114;3149;3120;3110;3134;3119;3118;3137,10
682,3114;3120;3135;3126;3136;3122;3135;3074;3098;3105;3074,3114;3147;3127;3107,10
683,3093;3146;3122;3108,3128;3074;3096;3103;3112;3134;3108;3149;3118;3093;3108,10
684,3117;3134;3125;3112,3128;3134;3074;3128;3149;3093;3139;3108;3135;3093;3108,10
685,3078;3120;3074;3117;3074,3112;3135;3100;3134;3118;3134;3116;3134;3110;3149,10
686,3093;3149;3120;3118;3074,3128;3120;3149;3125;3134;3111;3135;3093;3134;3120;3135,10
687,3093;3149;3127;3136;3107;3108,3100;3136;3125;3112;3125;3135;3111;3134;3112;3074,10
688,3078;3110;3134;3119;3074,3093;3134;3120;3149;3119;3093;3149;3120;3118;3118;3137,10
689,3077;3125;3128;3120;3074,3114;3120;3135;3126;3136;3122;3135;3074;3098;3105;3074,10
690,3098;3120;3149;3118;3118;3137,3125;3135;3126;3134;3094;3114;3103;3149;3112;3074,10
691,3125;3149;3119;3074;3100;3112;3074,3128;3139;3100;3112;3134;3108;3149;3118;3093;3108,10
692,3078;3110;3120;3149;3126;3125;3074;3108;3118;3144;3112,3128;3139;3127;3149;3103;3135,10
693,3081;3114;3134;3111;3149;3119;3134;3119;3137;3105;3137,3128;3138;3108;3149;3120;3074,10
694,3118;3134;3114;3093;3074,3125;3134;3120;3149;3108;3134;3114;3108;3149;3120;3135;3093,10
695,3078;3110;3120;3149;3126;3125;3074;3108;3118;3144;3112,3120;3147;3105;3149;3105;3137,10
696,3125;3135;3126;3134;3094;3114;3103;3149;3112;3074,3128;3118;3137;3110;3149;3120;3118;3137,10
697,3088;3093;3118;3108;3149;3119;3074,3114;3149;3120;3119;3134;3107;3135;3074;3098;3105;3074,10
698,3112;3135;3125;3134;3120;3107,3125;3134;3120;3149;3108;3134;3114;3108;3149;3120;3135;3093,10
699,3111;3144;3120;3149;3119;3118;3137,3125;3149;3119;3093;3149;3108;3135;3108;3149;3125;3074,10
700,3088;3093;3118;3108;3149;3119;3074,3114;3120;3135;3126;3136;3122;3135;3074;3098;3105;3074,10
701,3114;3108;3149;3120;3074,3128;3149;3125;3134;3108;3074;3108;3149;3120;3149;3119;3118;3137,10
702,3128;3074;3093;3122;3112;3074,3128;3120;3149;3125;3126;3149;3120;3143;3127;3149;3104;3074,10
703,3077;3110;3149;3117;3137;3108;3118;3144;3112,3112;3136;3103;3135;3114;3134;3120;3137;3110;3122,10
704,3114;3149;3120;3093;3139;3108;3135,3128;3074;3108;3139;3114;3149;3108;3135;3093;3120;3118;3144;3112,10
705,3098;3135;3120;3128;3149;3118;3120;3107;3136;3119;3074,3114;3149;3120;3119;3147;3095;3126;3134;3122,10
706,3078;3122;3147;3098;3135;3074;3098;3105;3074,3126;3149;3120;3110;3149;3111;3134;3074;3100;3122;3135,10
707,3119;3074;3108;3149;3120;3118;3137,3125;3135;3114;3149;3122;3125;3147;3110;3149;3119;3118;3118;3137,10
708,3120;3134;3100;3111;3134;3112;3135,3120;3134;3100;3118;3129;3143;3074;3110;3149;3120;3125;3120;3074,10
709,3118;3135;3108;3149;3120;3137;3105;3137,3128;3120;3149;3125;3126;3149;3120;3143;3127;3149;3104;3074,10
710,3077;3128;3134;3111;3134;3120;3107;3118;3144;3112,3114;3149;3120;3119;3134;3107;3135;3074;3098;3105;3074,10
711,3095;3149;3120;3074;3109;3134;3122;3119;3074,3128;3149;3125;3134;3108;3074;3108;3149;3120;3149;3119;3118;3137,10
712,3125;3135;3114;3149;3122;3125;3147;3110;3149;3119;3118;3118;3137,3125;3135;3126;3134;3094;3114;3103;3149;3112;3074,10
713,3078;3110;3120;3149;3126;3125;3074;3108;3118;3144;3112,3128;3120;3149;3125;3126;3149;3120;3143;3127;3149;3104;3074,10
714,3128;3134;3074;3128;3149;3093;3139;3108;3135;3093;3108,3128;3149;3125;3134;3108;3074;3108;3149;3120;3149;3119;3118;3137,10
715,3093;3134;3120;3149;3119;3093;3149;3120;3118;3118;3137,3128;3143;3125,11
716,3093;3134;3120;3149;3119;3093;3149;3120;3118;3118;3137,3110;3147;3127;3074,11
717,3078;3110;3120;3149;3126;3125;3074;3108;3118;3144;3112,3105;3143;3103;3134,11
718,3081;3114;3134;3111;3149;3119;3134;3119;3137;3105;3137,3122;3143;3094;3112;3074,11
719,3120;3098;3112,3128;3074;3108;3139;3114;3149;3108;3135;3093;3120;3118;3144;3112,11
720,3098;3103;3149;3103;3074,3125;3134;3120;3149;3108;3134;3114;3108;3149;3120;3135;3093,11
721,3077;3105;3125;3137;3122;3137,3098;3135;3120;3128;3149;3118;3120;3107;3136;3119;3074,11
722,3077;3112;3149;3125;3143;3127;3135;3074;3098;3105;3074,3126;3134;3128;3112;3128;3117,11
723,3125;3134;3120;3149;3108;3134;3114;3108;3149;3120;3135;3093,3120;3143;3105;3135;3119;3147,11
724,3077;3103;3149;3103;3137,3125;3135;3114;3149;3122;3125;3147;3110;3149;3119;3118;3118;3137,11
725,3077;3074;3108;3120;3149;3100;3134;3108;3136;3119;3118;3137,3126;3149;3120;3125;3107;3074,11
726,3077;3112;3137;3117;3125;3074,3114;3149;3120;3119;3147;3100;3112;3093;3120;3118;3144;3112,11
727,3116;3134;3111;3149;3119;3108;3134;3119;3137;3108;3118;3144;3112,3128;3074;3094;3149;3119,11
728,3081;3114;3134;3111;3149;3119;3134;3119;3137;3105;3137,3098;3135;3093;3135;3108;3149;3128,11
729,3125;3134;3120;3149;3108;3134;3114;3108;3149;3120;3135;3093,3126;3149;3120;3125;3107;3074,11
730,3126;3134;3128;3112;3128;3117,3093;3134;3120;3149;3119;3112;3135;3120;3149;3125;3134;3129;3093,11
731,3077;3117;3135;3125;3139;3110;3149;3111;3135;3098;3143;3119;3105;3074,3078;3110;3134;3119;3074,11
732,3114;3149;3120;3114;3074;3098;3074,3120;3134;3100;3118;3129;3143;3074;3110;3149;3120;3125;3120;3074,11
733,3114;3149;3120;3119;3134;3107;3074,3126;3128;3149;3108;3149;3120;3098;3135;3093;3135;3108;3149;3128,11
734,3077;3117;3135;3125;3139;3110;3149;3111;3135;3098;3143;3119;3105;3074,3125;3149;3119;3134;3111;3135,11
735,3098;3135;3120;3128;3149;3118;3120;3107;3136;3119;3074,3100;3134;3108;3136;3119;3128;3074;3114;3110,11
736,3112;3136;3103;3135;3114;3134;3120;3137;3110;3122,3125;3149;3119;3093;3149;3108;3135;3108;3149;3125;3074,11
737,3077;3074;3108;3120;3149;3100;3134;3108;3136;3119;3118;3137,3077;3117;3135;3125;3139;3110;3149;3111;3135,11
738,3093;3134;3120;3149;3119;3112;3135;3120;3149;3125;3134;3129;3093,3114;3120;3135;3126;3147;3111;3112;3118;3137,11
739,3093;3134;3120;3149;3119;3112;3135;3120;3149;3125;3134;3129;3093,3100;3134;3108;3136;3119;3128;3074;3114;3110,11
740,3098;3122;3112;3098;3135;3108;3149;3120;3118;3137,3120;3134;3100;3118;3129;3143;3074;3110;3149;3120;3125;3120;3074,11
741,3125;3135;3114;3149;3122;3125;3147;3110;3149;3119;3118;3118;3137,3128;3120;3149;3125;3134;3111;3135;3093;3134;3120;3135,11
742,3110;3143;3126;3074,3114;3149;3120;3119;3147;3100;3112;3093;3120;3118;3144;3112,12
743,3120;3138;3114;3074,3126;3128;3149;3108;3149;3120;3098;3135;3093;3135;3108;3149;3128,12
744,3077;3117;3135;3125;3139;3110;3149;3111;3135;3098;3143;3119;3105;3074,3110;3135;3126,12
745,3077;3074;3108;3120;3135;3093;3149;3127;3114;3120;3135;3126;3147;3111;3112,3122;3135;3114;3135,12
746,3077;3117;3135;3125;3139;3110;3149;3111;3135;3098;3143;3119;3105;3074,3114;3103;3149;3103;3135;3093,12
747,3077;3117;3135;3125;3139;3110;3149;3111;3135;3098;3143;3119;3105;3074,3128;3074;3116;3074;3111;3074,12
748,3116;3134;3111;3149;3119;3108;3134;3119;3137;3108;3118;3144;3112,3128;3149;3125;3143;3098;3149;3099,12
749,3126;3128;3149;3108;3149;3120;3098;3135;3093;3135;3108;3149;3128,3114;3120;3135;3126;3147;3111;3112;3118;3137,12
750,3112;3135;3120;3074;3108;3120;3134;3117;3135;3125;3139;3110;3149;3111;3135,3114;3149;3120;3093;3139;3108;3135,12
751,3095;3149;3120;3074;3109;3134;3122;3119;3074,3116;3134;3111;3149;3119;3108;3134;3119;3137;3108;3118;3144;3112,12
752,3120;3134;3100;3118;3129;3143;3074;3110;3149;3120;3125;3120;3074,3126;3149;3120;3136;3093;3134;3093;3137;3123;3074,12
753,3093;3134;3120;3149;3119;3112;3135;3120;3149;3125;3134;3129;3093,3114;3138;3122;3137,13
754,3116;3134;3111;3149;3119;3108;3134;3119;3137;3108;3118;3144;3112,3118;3112;3135;3127;3135,13
755,3116;3134;3111;3149;3119;3108;3134;3119;3137;3108;3118;3144;3112,3122;3143;3094;3112;3074,13
756,3112;3135;3120;3074;3108;3120;3134;3117;3135;3125;3139;3110;3149;3111;3135,3112;3136;3123;3149;3123;3137,13
757,3112;3135;3120;3074;3108;3120;3134;3117;3135;3125;3139;3110;3149;3111;3135,3112;3144;3114;3137;3107;3149;3119;3074,13
758,3077;3074;3108;3120;3135;3093;3149;3127;3114;3120;3135;3126;3147;3111;3112,3128;3134;3074;3128;3149;3093;3139;3108;3135;3093;3108,13
759,3077;3074;3108;3120;3135;3093;3149;3127;3114;3120;3135;3126;3147;3111;3112,3128;3118;3128;3149;3119,14
760,3077;3074;3108;3120;3135;3093;3149;3127;3114;3120;3135;3126;3147;3111;3112,3100;3136;3125;3135;3108;3074,14
